[{"model": "admin.logentry", "pk": 144, "fields": {"action_time": "2024-08-12T06:40:00.305Z", "user": 90, "content_type": 7, "object_id": "89", "object_repr": "emmanuel011here@gmail.com", "action_flag": 3, "change_message": ""}}, {"model": "admin.logentry", "pk": 145, "fields": {"action_time": "2024-08-12T06:40:00.307Z", "user": 90, "content_type": 7, "object_id": "88", "object_repr": "aravind@gmail.com", "action_flag": 3, "change_message": ""}}, {"model": "admin.logentry", "pk": 146, "fields": {"action_time": "2024-08-12T06:40:00.309Z", "user": 90, "content_type": 7, "object_id": "87", "object_repr": "theo@gmail.com", "action_flag": 3, "change_message": ""}}, {"model": "admin.logentry", "pk": 147, "fields": {"action_time": "2024-08-12T06:40:00.310Z", "user": 90, "content_type": 7, "object_id": "86", "object_repr": "emmanuelkj011@gmail.com", "action_flag": 3, "change_message": ""}}, {"model": "admin.logentry", "pk": 148, "fields": {"action_time": "2024-08-12T06:40:00.312Z", "user": 90, "content_type": 7, "object_id": "85", "object_repr": "ace@gmail.com", "action_flag": 3, "change_message": ""}}, {"model": "admin.logentry", "pk": 149, "fields": {"action_time": "2024-08-12T06:55:59.573Z", "user": 91, "content_type": 7, "object_id": "90", "object_repr": "luffy@gmail.com", "action_flag": 2, "change_message": "[{\"changed\": {\"fields\": [\"Phone number\", \"Is active\", \"Is superuser\"]}}]"}}, {"model": "admin.logentry", "pk": 150, "fields": {"action_time": "2024-08-12T08:20:00.140Z", "user": 92, "content_type": 7, "object_id": "94", "object_repr": "emmanuelkj011@gmail.com", "action_flag": 3, "change_message": ""}}, {"model": "admin.logentry", "pk": 151, "fields": {"action_time": "2024-08-12T08:20:00.143Z", "user": 92, "content_type": 7, "object_id": "93", "object_repr": "emmanuel011here@gmail.com", "action_flag": 3, "change_message": ""}}, {"model": "admin.logentry", "pk": 152, "fields": {"action_time": "2024-08-12T09:31:02.431Z", "user": 92, "content_type": 7, "object_id": "96", "object_repr": "sujith@gmail.com", "action_flag": 3, "change_message": ""}}, {"model": "admin.logentry", "pk": 153, "fields": {"action_time": "2024-08-12T09:31:56.358Z", "user": 92, "content_type": 7, "object_id": "97", "object_repr": "emmanuelkj011@gmail.com", "action_flag": 3, "change_message": ""}}, {"model": "admin.logentry", "pk": 154, "fields": {"action_time": "2024-08-12T09:31:56.360Z", "user": 92, "content_type": 7, "object_id": "95", "object_repr": "emmanuel011here@gmail.com", "action_flag": 3, "change_message": ""}}, {"model": "admin.logentry", "pk": 155, "fields": {"action_time": "2024-08-12T09:33:28.476Z", "user": 92, "content_type": 7, "object_id": "98", "object_repr": "emmanuel011here@gmail.com", "action_flag": 3, "change_message": ""}}, {"model": "admin.logentry", "pk": 156, "fields": {"action_time": "2024-08-12T14:22:01.256Z", "user": 91, "content_type": 7, "object_id": "92", "object_repr": "sabo@gmail.com", "action_flag": 2, "change_message": "[{\"changed\": {\"fields\": [\"Phone number\", \"Is active\", \"Is superuser\"]}}]"}}, {"model": "admin.logentry", "pk": 157, "fields": {"action_time": "2024-08-12T14:22:06.074Z", "user": 91, "content_type": 7, "object_id": "90", "object_repr": "luffy@gmail.com", "action_flag": 2, "change_message": "[{\"changed\": {\"fields\": [\"Is active\"]}}]"}}, {"model": "admin.logentry", "pk": 158, "fields": {"action_time": "2024-08-12T14:22:14.788Z", "user": 91, "content_type": 7, "object_id": "100", "object_repr": "emmanuelkj011@gmail.com", "action_flag": 2, "change_message": "[{\"changed\": {\"fields\": [\"Is active\"]}}]"}}, {"model": "admin.logentry", "pk": 159, "fields": {"action_time": "2024-08-12T14:22:19.671Z", "user": 91, "content_type": 7, "object_id": "99", "object_repr": "emmanuel011here@gmail.com", "action_flag": 2, "change_message": "[{\"changed\": {\"fields\": [\"Is active\"]}}]"}}, {"model": "admin.logentry", "pk": 160, "fields": {"action_time": "2024-08-12T14:28:11.954Z", "user": 90, "content_type": 7, "object_id": "92", "object_repr": "sabo@gmail.com", "action_flag": 2, "change_message": "[{\"changed\": {\"fields\": [\"Is active\"]}}]"}}, {"model": "admin.logentry", "pk": 161, "fields": {"action_time": "2024-08-12T14:28:16.366Z", "user": 90, "content_type": 7, "object_id": "92", "object_repr": "sabo@gmail.com", "action_flag": 2, "change_message": "[]"}}, {"model": "admin.logentry", "pk": 165, "fields": {"action_time": "2024-08-13T04:58:45.168Z", "user": 92, "content_type": 6, "object_id": "6", "object_repr": "yoaa", "action_flag": 3, "change_message": ""}}, {"model": "admin.logentry", "pk": 166, "fields": {"action_time": "2024-08-14T05:38:21.991Z", "user": 92, "content_type": 8, "object_id": "10", "object_repr": "Jester Luxe Backpack", "action_flag": 2, "change_message": "[{\"changed\": {\"fields\": [\"Stock\"]}}]"}}, {"model": "admin.logentry", "pk": 171, "fields": {"action_time": "2024-08-14T09:41:37.297Z", "user": 91, "content_type": 7, "object_id": "90", "object_repr": "luffy@gmail.com", "action_flag": 2, "change_message": "[{\"changed\": {\"fields\": [\"Is active\"]}}]"}}, {"model": "admin.logentry", "pk": 172, "fields": {"action_time": "2024-08-14T09:41:42.872Z", "user": 91, "content_type": 7, "object_id": "92", "object_repr": "sabo@gmail.com", "action_flag": 2, "change_message": "[{\"changed\": {\"fields\": [\"Is active\"]}}]"}}, {"model": "admin.logentry", "pk": 173, "fields": {"action_time": "2024-08-14T09:41:51.434Z", "user": 91, "content_type": 7, "object_id": "101", "object_repr": "zoro@gmail.com", "action_flag": 2, "change_message": "[{\"changed\": {\"fields\": [\"Phone number\", \"Is active\", \"Is superuser\"]}}]"}}, {"model": "admin.logentry", "pk": 174, "fields": {"action_time": "2024-08-14T09:42:06.489Z", "user": 91, "content_type": 7, "object_id": "101", "object_repr": "zoro@gmail.com", "action_flag": 3, "change_message": ""}}, {"model": "admin.logentry", "pk": 175, "fields": {"action_time": "2024-08-14T09:50:34.308Z", "user": 91, "content_type": 7, "object_id": "92", "object_repr": "sabo@gmail.com", "action_flag": 2, "change_message": "[{\"changed\": {\"fields\": [\"Is active\"]}}]"}}, {"model": "admin.logentry", "pk": 176, "fields": {"action_time": "2024-08-15T04:39:17.739Z", "user": 92, "content_type": 21, "object_id": "1", "object_repr": "sabo", "action_flag": 1, "change_message": "[{\"added\": {}}]"}}, {"model": "admin.logentry", "pk": 177, "fields": {"action_time": "2024-08-15T14:45:44.870Z", "user": 92, "content_type": 21, "object_id": "2", "object_repr": "Aston", "action_flag": 1, "change_message": "[{\"added\": {}}]"}}, {"model": "admin.logentry", "pk": 178, "fields": {"action_time": "2024-08-15T17:33:37.337Z", "user": 92, "content_type": 8, "object_id": "10", "object_repr": "Jester Luxe Backpack", "action_flag": 2, "change_message": "[{\"added\": {\"name\": \"productgallery\", \"object\": \"Jester Luxe Backpack\"}}]"}}, {"model": "auth.permission", "pk": 1, "fields": {"name": "Can add log entry", "content_type": 1, "codename": "add_logentry"}}, {"model": "auth.permission", "pk": 2, "fields": {"name": "Can change log entry", "content_type": 1, "codename": "change_logentry"}}, {"model": "auth.permission", "pk": 3, "fields": {"name": "Can delete log entry", "content_type": 1, "codename": "delete_logentry"}}, {"model": "auth.permission", "pk": 4, "fields": {"name": "Can view log entry", "content_type": 1, "codename": "view_logentry"}}, {"model": "auth.permission", "pk": 5, "fields": {"name": "Can add permission", "content_type": 2, "codename": "add_permission"}}, {"model": "auth.permission", "pk": 6, "fields": {"name": "Can change permission", "content_type": 2, "codename": "change_permission"}}, {"model": "auth.permission", "pk": 7, "fields": {"name": "Can delete permission", "content_type": 2, "codename": "delete_permission"}}, {"model": "auth.permission", "pk": 8, "fields": {"name": "Can view permission", "content_type": 2, "codename": "view_permission"}}, {"model": "auth.permission", "pk": 9, "fields": {"name": "Can add group", "content_type": 3, "codename": "add_group"}}, {"model": "auth.permission", "pk": 10, "fields": {"name": "Can change group", "content_type": 3, "codename": "change_group"}}, {"model": "auth.permission", "pk": 11, "fields": {"name": "Can delete group", "content_type": 3, "codename": "delete_group"}}, {"model": "auth.permission", "pk": 12, "fields": {"name": "Can view group", "content_type": 3, "codename": "view_group"}}, {"model": "auth.permission", "pk": 13, "fields": {"name": "Can add content type", "content_type": 4, "codename": "add_contenttype"}}, {"model": "auth.permission", "pk": 14, "fields": {"name": "Can change content type", "content_type": 4, "codename": "change_contenttype"}}, {"model": "auth.permission", "pk": 15, "fields": {"name": "Can delete content type", "content_type": 4, "codename": "delete_contenttype"}}, {"model": "auth.permission", "pk": 16, "fields": {"name": "Can view content type", "content_type": 4, "codename": "view_contenttype"}}, {"model": "auth.permission", "pk": 17, "fields": {"name": "Can add session", "content_type": 5, "codename": "add_session"}}, {"model": "auth.permission", "pk": 18, "fields": {"name": "Can change session", "content_type": 5, "codename": "change_session"}}, {"model": "auth.permission", "pk": 19, "fields": {"name": "Can delete session", "content_type": 5, "codename": "delete_session"}}, {"model": "auth.permission", "pk": 20, "fields": {"name": "Can view session", "content_type": 5, "codename": "view_session"}}, {"model": "auth.permission", "pk": 21, "fields": {"name": "Can add category", "content_type": 6, "codename": "add_category"}}, {"model": "auth.permission", "pk": 22, "fields": {"name": "Can change category", "content_type": 6, "codename": "change_category"}}, {"model": "auth.permission", "pk": 23, "fields": {"name": "Can delete category", "content_type": 6, "codename": "delete_category"}}, {"model": "auth.permission", "pk": 24, "fields": {"name": "Can view category", "content_type": 6, "codename": "view_category"}}, {"model": "auth.permission", "pk": 25, "fields": {"name": "Can add account", "content_type": 7, "codename": "add_account"}}, {"model": "auth.permission", "pk": 26, "fields": {"name": "Can change account", "content_type": 7, "codename": "change_account"}}, {"model": "auth.permission", "pk": 27, "fields": {"name": "Can delete account", "content_type": 7, "codename": "delete_account"}}, {"model": "auth.permission", "pk": 28, "fields": {"name": "Can view account", "content_type": 7, "codename": "view_account"}}, {"model": "auth.permission", "pk": 29, "fields": {"name": "Can add product", "content_type": 8, "codename": "add_product"}}, {"model": "auth.permission", "pk": 30, "fields": {"name": "Can change product", "content_type": 8, "codename": "change_product"}}, {"model": "auth.permission", "pk": 31, "fields": {"name": "Can delete product", "content_type": 8, "codename": "delete_product"}}, {"model": "auth.permission", "pk": 32, "fields": {"name": "Can view product", "content_type": 8, "codename": "view_product"}}, {"model": "auth.permission", "pk": 33, "fields": {"name": "Can add cart item", "content_type": 9, "codename": "add_cartitem"}}, {"model": "auth.permission", "pk": 34, "fields": {"name": "Can change cart item", "content_type": 9, "codename": "change_cartitem"}}, {"model": "auth.permission", "pk": 35, "fields": {"name": "Can delete cart item", "content_type": 9, "codename": "delete_cartitem"}}, {"model": "auth.permission", "pk": 36, "fields": {"name": "Can view cart item", "content_type": 9, "codename": "view_cartitem"}}, {"model": "auth.permission", "pk": 37, "fields": {"name": "Can add cart", "content_type": 10, "codename": "add_cart"}}, {"model": "auth.permission", "pk": 38, "fields": {"name": "Can change cart", "content_type": 10, "codename": "change_cart"}}, {"model": "auth.permission", "pk": 39, "fields": {"name": "Can delete cart", "content_type": 10, "codename": "delete_cart"}}, {"model": "auth.permission", "pk": 40, "fields": {"name": "Can view cart", "content_type": 10, "codename": "view_cart"}}, {"model": "auth.permission", "pk": 41, "fields": {"name": "Can add variation", "content_type": 11, "codename": "add_variation"}}, {"model": "auth.permission", "pk": 42, "fields": {"name": "Can change variation", "content_type": 11, "codename": "change_variation"}}, {"model": "auth.permission", "pk": 43, "fields": {"name": "Can delete variation", "content_type": 11, "codename": "delete_variation"}}, {"model": "auth.permission", "pk": 44, "fields": {"name": "Can view variation", "content_type": 11, "codename": "view_variation"}}, {"model": "auth.permission", "pk": 45, "fields": {"name": "Can add order product", "content_type": 12, "codename": "add_orderproduct"}}, {"model": "auth.permission", "pk": 46, "fields": {"name": "Can change order product", "content_type": 12, "codename": "change_orderproduct"}}, {"model": "auth.permission", "pk": 47, "fields": {"name": "Can delete order product", "content_type": 12, "codename": "delete_orderproduct"}}, {"model": "auth.permission", "pk": 48, "fields": {"name": "Can view order product", "content_type": 12, "codename": "view_orderproduct"}}, {"model": "auth.permission", "pk": 49, "fields": {"name": "Can add order", "content_type": 13, "codename": "add_order"}}, {"model": "auth.permission", "pk": 50, "fields": {"name": "Can change order", "content_type": 13, "codename": "change_order"}}, {"model": "auth.permission", "pk": 51, "fields": {"name": "Can delete order", "content_type": 13, "codename": "delete_order"}}, {"model": "auth.permission", "pk": 52, "fields": {"name": "Can view order", "content_type": 13, "codename": "view_order"}}, {"model": "auth.permission", "pk": 53, "fields": {"name": "Can add payment", "content_type": 14, "codename": "add_payment"}}, {"model": "auth.permission", "pk": 54, "fields": {"name": "Can change payment", "content_type": 14, "codename": "change_payment"}}, {"model": "auth.permission", "pk": 55, "fields": {"name": "Can delete payment", "content_type": 14, "codename": "delete_payment"}}, {"model": "auth.permission", "pk": 56, "fields": {"name": "Can view payment", "content_type": 14, "codename": "view_payment"}}, {"model": "auth.permission", "pk": 57, "fields": {"name": "Can add email address", "content_type": 15, "codename": "add_emailaddress"}}, {"model": "auth.permission", "pk": 58, "fields": {"name": "Can change email address", "content_type": 15, "codename": "change_emailaddress"}}, {"model": "auth.permission", "pk": 59, "fields": {"name": "Can delete email address", "content_type": 15, "codename": "delete_emailaddress"}}, {"model": "auth.permission", "pk": 60, "fields": {"name": "Can view email address", "content_type": 15, "codename": "view_emailaddress"}}, {"model": "auth.permission", "pk": 61, "fields": {"name": "Can add email confirmation", "content_type": 16, "codename": "add_emailconfirmation"}}, {"model": "auth.permission", "pk": 62, "fields": {"name": "Can change email confirmation", "content_type": 16, "codename": "change_emailconfirmation"}}, {"model": "auth.permission", "pk": 63, "fields": {"name": "Can delete email confirmation", "content_type": 16, "codename": "delete_emailconfirmation"}}, {"model": "auth.permission", "pk": 64, "fields": {"name": "Can view email confirmation", "content_type": 16, "codename": "view_emailconfirmation"}}, {"model": "auth.permission", "pk": 65, "fields": {"name": "Can add social account", "content_type": 17, "codename": "add_socialaccount"}}, {"model": "auth.permission", "pk": 66, "fields": {"name": "Can change social account", "content_type": 17, "codename": "change_socialaccount"}}, {"model": "auth.permission", "pk": 67, "fields": {"name": "Can delete social account", "content_type": 17, "codename": "delete_socialaccount"}}, {"model": "auth.permission", "pk": 68, "fields": {"name": "Can view social account", "content_type": 17, "codename": "view_socialaccount"}}, {"model": "auth.permission", "pk": 69, "fields": {"name": "Can add social application", "content_type": 18, "codename": "add_socialapp"}}, {"model": "auth.permission", "pk": 70, "fields": {"name": "Can change social application", "content_type": 18, "codename": "change_socialapp"}}, {"model": "auth.permission", "pk": 71, "fields": {"name": "Can delete social application", "content_type": 18, "codename": "delete_socialapp"}}, {"model": "auth.permission", "pk": 72, "fields": {"name": "Can view social application", "content_type": 18, "codename": "view_socialapp"}}, {"model": "auth.permission", "pk": 73, "fields": {"name": "Can add social application token", "content_type": 19, "codename": "add_socialtoken"}}, {"model": "auth.permission", "pk": 74, "fields": {"name": "Can change social application token", "content_type": 19, "codename": "change_socialtoken"}}, {"model": "auth.permission", "pk": 75, "fields": {"name": "Can delete social application token", "content_type": 19, "codename": "delete_socialtoken"}}, {"model": "auth.permission", "pk": 76, "fields": {"name": "Can view social application token", "content_type": 19, "codename": "view_socialtoken"}}, {"model": "auth.permission", "pk": 77, "fields": {"name": "Can add review rating", "content_type": 20, "codename": "add_reviewrating"}}, {"model": "auth.permission", "pk": 78, "fields": {"name": "Can change review rating", "content_type": 20, "codename": "change_reviewrating"}}, {"model": "auth.permission", "pk": 79, "fields": {"name": "Can delete review rating", "content_type": 20, "codename": "delete_reviewrating"}}, {"model": "auth.permission", "pk": 80, "fields": {"name": "Can view review rating", "content_type": 20, "codename": "view_reviewrating"}}, {"model": "auth.permission", "pk": 81, "fields": {"name": "Can add user profile", "content_type": 21, "codename": "add_userprofile"}}, {"model": "auth.permission", "pk": 82, "fields": {"name": "Can change user profile", "content_type": 21, "codename": "change_userprofile"}}, {"model": "auth.permission", "pk": 83, "fields": {"name": "Can delete user profile", "content_type": 21, "codename": "delete_userprofile"}}, {"model": "auth.permission", "pk": 84, "fields": {"name": "Can view user profile", "content_type": 21, "codename": "view_userprofile"}}, {"model": "auth.permission", "pk": 85, "fields": {"name": "Can add productgallery", "content_type": 22, "codename": "add_productgallery"}}, {"model": "auth.permission", "pk": 86, "fields": {"name": "Can change productgallery", "content_type": 22, "codename": "change_productgallery"}}, {"model": "auth.permission", "pk": 87, "fields": {"name": "Can delete productgallery", "content_type": 22, "codename": "delete_productgallery"}}, {"model": "auth.permission", "pk": 88, "fields": {"name": "Can view productgallery", "content_type": 22, "codename": "view_productgallery"}}, {"model": "contenttypes.contenttype", "pk": 1, "fields": {"app_label": "admin", "model": "logentry"}}, {"model": "contenttypes.contenttype", "pk": 2, "fields": {"app_label": "auth", "model": "permission"}}, {"model": "contenttypes.contenttype", "pk": 3, "fields": {"app_label": "auth", "model": "group"}}, {"model": "contenttypes.contenttype", "pk": 4, "fields": {"app_label": "contenttypes", "model": "contenttype"}}, {"model": "contenttypes.contenttype", "pk": 5, "fields": {"app_label": "sessions", "model": "session"}}, {"model": "contenttypes.contenttype", "pk": 6, "fields": {"app_label": "category", "model": "category"}}, {"model": "contenttypes.contenttype", "pk": 7, "fields": {"app_label": "accounts", "model": "account"}}, {"model": "contenttypes.contenttype", "pk": 8, "fields": {"app_label": "store", "model": "product"}}, {"model": "contenttypes.contenttype", "pk": 9, "fields": {"app_label": "carts", "model": "cartitem"}}, {"model": "contenttypes.contenttype", "pk": 10, "fields": {"app_label": "carts", "model": "cart"}}, {"model": "contenttypes.contenttype", "pk": 11, "fields": {"app_label": "store", "model": "variation"}}, {"model": "contenttypes.contenttype", "pk": 12, "fields": {"app_label": "orders", "model": "orderproduct"}}, {"model": "contenttypes.contenttype", "pk": 13, "fields": {"app_label": "orders", "model": "order"}}, {"model": "contenttypes.contenttype", "pk": 14, "fields": {"app_label": "orders", "model": "payment"}}, {"model": "contenttypes.contenttype", "pk": 15, "fields": {"app_label": "account", "model": "emailaddress"}}, {"model": "contenttypes.contenttype", "pk": 16, "fields": {"app_label": "account", "model": "emailconfirmation"}}, {"model": "contenttypes.contenttype", "pk": 17, "fields": {"app_label": "socialaccount", "model": "socialaccount"}}, {"model": "contenttypes.contenttype", "pk": 18, "fields": {"app_label": "socialaccount", "model": "socialapp"}}, {"model": "contenttypes.contenttype", "pk": 19, "fields": {"app_label": "socialaccount", "model": "socialtoken"}}, {"model": "contenttypes.contenttype", "pk": 20, "fields": {"app_label": "store", "model": "reviewrating"}}, {"model": "contenttypes.contenttype", "pk": 21, "fields": {"app_label": "accounts", "model": "userprofile"}}, {"model": "contenttypes.contenttype", "pk": 22, "fields": {"app_label": "store", "model": "productgallery"}}, {"model": "sessions.session", "pk": "20tz8hox9gwmwb1h9mnuexag11po05hj", "fields": {"session_data": ".eJxVjEEOwiAQRe_C2pBCigMu3XsGwjAzUjWQlHbVeHdt0oVu_3vvbyqmdSlx7TzHidRFGatOvyOm_OS6E3qkem86t7rME-pd0Qft-taIX9fD_TsoqZdvzUgGMgUa2YhYD4g2OWAcLXAOKAIeIFAwzp09y2DRkw8-CBtLMKj3BzaDOMU:1sbBgw:tvEmoCDom5LGe4pNOWbJMHeleAP1toPgvCqLYFfiuXo", "expire_date": "2024-08-20T04:20:58.856Z"}}, {"model": "sessions.session", "pk": "2z55ictci3m0ntoa34qc9t1phx78pzs6", "fields": {"session_data": "e30:1sdVPh:U_LDwQzLhmwerE8rGcByLTOttaBJ2boMHsGPJ2meiiI", "expire_date": "2024-08-26T13:48:45.607Z"}}, {"model": "sessions.session", "pk": "4rrp9vviyr5ixpp3wclfnxxh192dpvwz", "fields": {"session_data": "e30:1sbfJc:W6_UtSDZlD0mupvfkjUh2vP3Jinc6N5DcQkkxDqr84Y", "expire_date": "2024-08-21T11:58:52.398Z"}}, {"model": "sessions.session", "pk": "8v7jg5utdge8o1p01q64ydej3l6d0uh3", "fields": {"session_data": ".eJxVjEEOwiAQRe_C2pBCigMu3XsGwjAzUjWQlHbVeHdt0oVu_3vvbyqmdSlx7TzHidRFGatOvyOm_OS6E3qkem86t7rME-pd0Qft-taIX9fD_TsoqZdvzUgGMgUa2YhYD4g2OWAcLXAOKAIeIFAwzp09y2DRkw8-CBtLMKj3BzaDOMU:1sbDH0:48qFckb55h2EAuoBZ45X1qXJ5bYhojSEvgqZEoKXf1M", "expire_date": "2024-08-20T06:02:18.399Z"}}, {"model": "sessions.session", "pk": "9e99er1xzqxczg40s5a8mb5pbz4xzynr", "fields": {"session_data": ".eJxVj01uhTAMhO_iNUL5J2bXd42qQnnBeaBSUpHQDeLuDZQu2Fnj-cbjDVL0o5uc93Gdc5eyy5Sg3fYK_jW35oHmPHqXxzh3X5SH2BfP-wZ_M7T3FChshpY3QiqpLZe11YgWVQXfS_wZe1oK8orxNVHxruORwLmVjbEoUUhWQCOZUrB_VHAW6NZES3c6rYGb-HT-k-Zj46bpkOurR316rnWq325_PC7qFjW4NBwXSBH6oBUxrnvGOEOGRihvJCELTPtSVguBGNA2AY0R4Wkt09qSbBiH_Rce2G70:1sdMNp:uRRUSIwjWOeKVONQyjd8gd3hzt5j3wsYoA_C7mIqszQ", "expire_date": "2024-08-26T04:10:13.868Z"}}, {"model": "sessions.session", "pk": "a40ruj0ri7bly71tybxo6rba0372e58t", "fields": {"session_data": "e30:1sbfF9:4emJy1yf3TPItQ1kKvbnRb8mN4NxyIGiJkqDcn_aSLE", "expire_date": "2024-08-21T11:54:15.467Z"}}, {"model": "sessions.session", "pk": "b4350t1jyhmxgwfufm2r6ps1cq7eqfj4", "fields": {"session_data": ".eJxVjMsOwiAUBf-FtSFQUMCle7-huQ-uVA0kpV0Z_12bdKHbMzPnpUZYlzKuPc_jxOqs0qAOvyMCPXLdCN-h3pqmVpd5Qr0peqddXxvn52V3_w4K9PKtnRGEwbNIpqPz5MECO2B_kghIISYXrEsQxCfBbIUjRrREBly01qj3Bz3ZORw:1sed1J:4Y70UNDehDzLQAD-ASgyAe00NQFV2bVLJBfm3c60GSw", "expire_date": "2024-08-29T16:08:13.645Z"}}, {"model": "sessions.session", "pk": "d635c3m0ivfm9tyudrs2u26d2p8hhlqx", "fields": {"session_data": "e30:1sbA9T:98ukIr2BDJ08Wgfr5d2It8B0BwPBiJwsAxN4VTQJAY4", "expire_date": "2024-08-20T02:42:19.295Z"}}, {"model": "sessions.session", "pk": "dqpvfok3k284yevn0vu6l95dcrbljqtq", "fields": {"session_data": "e30:1seePZ:-BMtlPUJMl3haM7Rwzcy1TlRlOLlCT-nHm0zyMOPgwk", "expire_date": "2024-08-29T17:37:21.620Z"}}, {"model": "sessions.session", "pk": "fd6rfrmrdbktrncggefsry51idbrvwir", "fields": {"session_data": ".eJxVjEEOwiAQRe_C2pBCigMu3XsGwjAzUjWQlHbVeHdt0oVu_3vvbyqmdSlx7TzHidRFGatOvyOm_OS6E3qkem86t7rME-pd0Qft-taIX9fD_TsoqZdvzUgGMgUa2YhYD4g2OWAcLXAOKAIeIFAwzp09y2DRkw8-CBtLMKj3BzaDOMU:1sbJWX:9NWaJCY_DDNmrYnUjFyc9TDdhKwo3bW9x4QsPo5MpPU", "expire_date": "2024-08-20T12:42:45.882Z"}}, {"model": "sessions.session", "pk": "gdh49dumb0f4lwt1fnn44ejk51xfxo15", "fields": {"session_data": "e30:1seeQ2:nLePaIz111vyJTkcmAQCsX7kepBGwrx_UsPqaQIvXAE", "expire_date": "2024-08-29T17:37:50.791Z"}}, {"model": "sessions.session", "pk": "nz6ardewfbvqc7he19qsevc4i0lbuuq4", "fields": {"session_data": ".eJyrVsovKVCyUrIwNTFU0gFx4lNzEzNzgEKpubmJeaWpOQaGhhmpRakO6SBxveT8XKi69NS81KLEktSU-MQSJStDcyNjQ3MzSxNTPRNzYwNjc6NaAF26HK0:1scH2v:zqpjuYiFzL0P6m_QbHnUYlDXVre3JS0LrSEuWobiJUU", "expire_date": "2024-08-23T04:16:09.540Z"}}, {"model": "sessions.session", "pk": "p6k0xggufof315qjfmc548gyvy8vusvc", "fields": {"session_data": "e30:1scNRu:egTnDbYKhY90tOsMN-9NIN3S7BJxilwdkT1gEZL_bec", "expire_date": "2024-08-23T11:06:22.221Z"}}, {"model": "sessions.session", "pk": "pgoabbklxumvxcfhxdygqp00ioaxxvru", "fields": {"session_data": "e30:1savYP:Y2KWkQWR98t9AJ16lpLuu1uGP1Poa0DD2xzf12jQCII", "expire_date": "2024-08-19T11:07:05.504Z"}}, {"model": "sessions.session", "pk": "rjmx03gpmy5u6cy353xyaezmoxujgw15", "fields": {"session_data": "e30:1sbAiE:L8D0UFw4D7N8SCzGrqBMbrUwvJlXYlPyISZ4OeATEF8", "expire_date": "2024-08-20T03:18:14.005Z"}}, {"model": "sessions.session", "pk": "tl40ir5khn4d58m5uymafqvxpzyz9iz7", "fields": {"session_data": ".eJydz02PojAAxvHv0rNOCiiCNyKOgPiyDEhhsyGlFKx0KFMQReN3X2973_Pzz5P8nqAThGGOCRHXps-6Hve0A8snSIJZX1mkYrkTtU2uguXvJ2ilILR774CLijVgAgrcY7BsrpxPQFsTmhFR0GygkpWMyneIk5glW12_R7h4HA6bfvAHvGoh1KtTWl0Ou7EcQ5OX7umSxCgW53yHMTyt3w_NTy-yHaKfU5JaAUkKx0c6D5nY3w80Z2Eao68krVbHEI0S3qeZrAvDTBX7NA4Pg5fzYD8bwGuiLFRNUU1NnX-YiqGbc_XPBFBE47vhxW7D2y_3x_tfXyQLI5R-dtx-2mTz7d0CL6q8yC6hK7QZ0kwRKLCp-a_z1DmnvbNdDL4upSwcuLmu9UeUR7lRWyTrPJ_dUs0ulWN7OzrQto28yc3Omo8d1BR3zzq-mnmX9dpArQWREPU36nb_fOZC-9AVbaG8fa_XX3dpnWQ:1sc4ov:-PUZJL2GPVOtywqjNtE2s5NijxeG9Nib2pZtVDd3O_4", "expire_date": "2024-08-22T15:12:53.614Z"}}, {"model": "sessions.session", "pk": "ux5ayyc5l46hjk2wjtkje2hvxcvofkc3", "fields": {"session_data": ".eJxVjEEOgjAQRe_StWmmAxXq0j1naGY6U0FNSSisjHdXEha6_e-9_zKRtnWMW9UlTmIuBp05_Y5M6aFlJ3Kncpttmsu6TGx3xR602mEWfV4P9-9gpDp-awXSPoUut-fcZ0BMHSgmdsKdamgbyQ5C41mcA_INZqBE6L1DzsBk3h8gIzif:1sbH4f:B3lZHmajVRPzXA8id9qcZJWtrylw5tbnfi4x-8TZ0sU", "expire_date": "2024-08-20T10:05:49.482Z"}}, {"model": "sessions.session", "pk": "vpr0uwts5v9c5m55xk7o7q1jgoztr1w8", "fields": {"session_data": "e30:1sbaCf:9d3AShmD_tZF5nT1btypACX37CoWDnjdBfQj3pIpiT8", "expire_date": "2024-08-21T06:31:21.740Z"}}, {"model": "sessions.session", "pk": "wn8f0x96im11vkhscdmxraqs8uyvw980", "fields": {"session_data": ".eJxVjMEOgjAQRP9lz4S0FOnKTX-k2S5LaKwlsa0X4r8rBg8e583M2yCvHCgS81pTcblQkQzj9mrgx57yCHOQycmdQoQx1RgbcFTL4mqWhwsTjGAR_qAnvknaG4pxx-3ha7-bo87t5ZMklcBUwpqux-tPtVBePh4_Ga9nIaVPaJQ9D3roTadm1uxRk0I2gxK0bLUepDOmR7YGtRdPHaKC1xtz8lEP:1scHUY:jOJY9oc25g5jWTJMtAbHEt2b-FX_I1rQ9UK1U0XeIN0", "expire_date": "2024-08-23T04:44:42.936Z"}}, {"model": "sessions.session", "pk": "y9uwumjwtmggqrmnljap1zz6yeaa3dtp", "fields": {"session_data": ".eJxVjEEOwiAQRe_C2pBCywAu3XsGMjCMVA0kpV0Z765NutDtf-_9lwi4rSVsPS9hJnEWWonT7xgxPXLdCd2x3ppMra7LHOWuyIN2eW2Un5fD_Tso2Mu3Bu1Gk5h5AIgZLDsgGM0wISOr5C2pPDGw12TYRG3BKkWg2LFO1qN4fwARNjhW:1sb2L7:Pgx34DYx6GZUojfDq1sQVukecxmjOtLTRwxZwTw8eAE", "expire_date": "2024-08-19T18:21:49.041Z"}}, {"model": "sessions.session", "pk": "yujv164ma6nzwx2sqbx9tk9qwh6fcb2z", "fields": {"session_data": ".eJxVjEkSgjAUBe-StZUiAxlcuvcMVIaPATQUBGSwvLtgsdDt6379QoUZh1CMCfqi8uiMtEan39Ea10Dcia9NvLXYtXHoK4t3BR804Wvr4X453L9AMClsb6q5thS4BWkE5EpRz3XJiHbey1wRZqkECSzjLLdKSFUSJj3PM6doSajcot9cgpSqNhYNLFt1GesnEfxhRFynmabOznpodDcFUTpLV_T-AMEISto:1seA5V:1PZ2vPNxLB-y0m2M6s71zAiUEcTODTzjOb6A5iNtHOg", "expire_date": "2024-08-28T09:14:37.515Z"}}, {"model": "category.category", "pk": 1, "fields": {"category_name": "Tote Bags", "slug": "Tote-Bags", "description": "Spacious and open-top, ideal for everyday use.", "cat_image": "photos/categories/images.jpeg", "status": "True", "is_available": true}}, {"model": "category.category", "pk": 2, "fields": {"category_name": "Shoulder Bag", "slug": "shoulder-bag", "description": "Versatile size with a shoulder strap for hands-free carrying.", "cat_image": "photos/categories/images_1.jpeg", "status": "True", "is_available": true}}, {"model": "category.category", "pk": 3, "fields": {"category_name": "Messenger", "slug": "messenger", "description": "Rectangular bag with a long shoulder strap, often with a flap closure.", "cat_image": "photos/categories/images_2.jpeg", "status": "True", "is_available": true}}, {"model": "category.category", "pk": 4, "fields": {"category_name": "Backpack", "slug": "backpack", "description": "Hands-free option with two shoulder straps.", "cat_image": "photos/categories/images_3.jpeg", "status": "True", "is_available": true}}, {"model": "category.category", "pk": 5, "fields": {"category_name": "Duffel", "slug": "duffel", "description": "Soft-sided bag with a cylindrical shape, often used for travel.", "cat_image": "photos/categories/images_4.jpeg", "status": "<django.db.models.query_utils.DeferredAttribute object at 0x702f5228c2e0>", "is_available": true}}, {"model": "category.category", "pk": 7, "fields": {"category_name": "Sujith C", "slug": "sujith", "description": "Mern professional, and one of the best in India", "cat_image": "", "status": "True", "is_available": true}}, {"model": "category.category", "pk": 8, "fields": {"category_name": "Shahabaz Sulthan", "slug": "shahabaz", "description": "Professional go developer\r\n", "cat_image": "", "status": "True", "is_available": true}}, {"model": "accounts.account", "pk": 90, "fields": {"password": "pbkdf2_sha256$720000$m9gmt8twGAoixm3Fl6rtXn$tAcIffhsJmlsZPXBCwJa8AjFi0ArSajw16MMzzKvzAQ=", "first_name": "luffy", "last_name": "luffy", "username": "luffy", "email": "luffy@gmail.com", "phone_number": "9633026591", "date_joined": "2024-08-12T06:39:23.745Z", "last_login": "2024-08-14T09:34:23.956Z", "is_admin": true, "is_staff": true, "is_active": true, "is_superadmin": true, "is_superuser": true}}, {"model": "accounts.account", "pk": 91, "fields": {"password": "pbkdf2_sha256$720000$PaoTNIUIbIsJDncKLT0sD0$mF2Ybnr6zkwSKk530GbtM9zSn/SOr8Cd6W0sQ31L8Q8=", "first_name": "ace", "last_name": "ace", "username": "ace", "email": "ace@gmail.com", "phone_number": "9632563256", "date_joined": "2024-08-12T06:45:24.429Z", "last_login": "2024-08-14T09:50:27.143Z", "is_admin": true, "is_staff": true, "is_active": true, "is_superadmin": true, "is_superuser": true}}, {"model": "accounts.account", "pk": 92, "fields": {"password": "pbkdf2_sha256$720000$v0KdWbFPDI6KDim4s7q79v$iIhT7O6gOym5NjsOzouyp68LLWejrojsPZNDAPOaCr0=", "first_name": "sabo", "last_name": "revolutionary army first commander", "username": "sabo", "email": "sabo@gmail.com", "phone_number": "9632563256", "date_joined": "2024-08-12T06:45:46.190Z", "last_login": "2024-08-15T16:08:13.641Z", "is_admin": true, "is_staff": true, "is_active": true, "is_superadmin": true, "is_superuser": true}}, {"model": "accounts.account", "pk": 99, "fields": {"password": "pbkdf2_sha256$720000$QupXXvbTnzPfmtlidqmm1s$OeJR0v5262IowcRgHUCMRXhE1Cy3ng785Xr4q1k1QTU=", "first_name": "Aston", "last_name": "Lazar", "username": "emmanuel011here", "email": "emmanuel011here@gmail.com", "phone_number": "9632563256", "date_joined": "2024-08-12T09:33:43.670Z", "last_login": "2024-08-15T14:51:54.281Z", "is_admin": false, "is_staff": false, "is_active": true, "is_superadmin": false, "is_superuser": false}}, {"model": "accounts.account", "pk": 100, "fields": {"password": "pbkdf2_sha256$720000$MuJXnM0ITKPImbRs3OrR0D$qnuzRf2PNPZTutYe2AgiOSvZgmirGYer34/2sX/eYHY=", "first_name": "Sujith", "last_name": "Sujith", "username": "emmanuelkj011", "email": "emmanuelkj011@gmail.com", "phone_number": "9632563256", "date_joined": "2024-08-12T13:48:18.236Z", "last_login": "2024-08-12T18:53:28.958Z", "is_admin": false, "is_staff": false, "is_active": true, "is_superadmin": false, "is_superuser": false}}, {"model": "accounts.userprofile", "pk": 1, "fields": {"user": 92, "address_line_1": "kochi", "address_line_2": "maradu", "profile_picture": "userprofile/pexels-fatih-guney-337108406-18313275.jpg", "city": "ernagulam", "state": "kereala", "country": "india"}}, {"model": "accounts.userprofile", "pk": 2, "fields": {"user": 99, "address_line_1": "kochi", "address_line_2": "maradu", "profile_picture": "userprofile/pexels-ron-lach-8411028.jpg", "city": "ernagulam", "state": "kereala", "country": "india"}}, {"model": "store.product", "pk": 1, "fields": {"product_name": "The Canvas Medium Tote Bag", "slug": "canvas-medium-tote-bag", "description": "Details & care\r\nEasy top handles and an optional, adjustable strap provide convenient carrying options for this roomy canvas tote that folds flat for storage or travel.\r\n\r\nTop zip closure\r\nTop handles; optional, adjustable strap\r\nInterior one zip pocket; two wall pockets\r\nCanvas\r\nImported\r\nHandbags\r\nItem #5998351", "price": 17549, "images": "photos/products/tote_bag_1.webp", "stock": 60, "is_available": true, "category": 1, "created_date": "2024-08-01T05:11:22.088Z", "modified_date": "2024-08-14T04:49:29.858Z"}}, {"model": "store.product", "pk": 2, "fields": {"product_name": "The Large Mesh Tote Bag", "slug": "large-mesh-tote-bag", "description": "Details & care\r\nAn interior hanging pocket adds a pop of contrasting color to this trend-smart mesh tote bag with a structured silhouette.\r\n\r\nUnlined\r\nNylon\r\nImported\r\nItem #7023774", "price": 18592, "images": "photos/products/tote_bag_2.webp", "stock": 72, "is_available": true, "category": 1, "created_date": "2024-08-01T05:13:12.845Z", "modified_date": "2024-08-14T04:46:00.644Z"}}, {"model": "store.product", "pk": 3, "fields": {"product_name": "Joy Faux Leather Shoulder Bag", "slug": "joy-faux-leather-shoulder-bag", "description": "Polished hardware and an architectural silhouette lend visual intrigue to a '90s-inspired shoulder bag fitted with an adjustable strap for versatile wear.\r\n\r\nLined\r\nPolyurethane\r\nImported\r\nItem #10035281", "price": 8013, "images": "photos/products/shoulder_bag_1.webp", "stock": 88, "is_available": true, "category": 2, "created_date": "2024-08-01T05:29:37.679Z", "modified_date": "2024-08-01T05:29:37.679Z"}}, {"model": "store.product", "pk": 4, "fields": {"product_name": "Chelsea Pebbled Leather Top Handle Bag", "slug": "chelsea-pebbled-leather-top-handle-bag", "description": "Details & care\r\nPolished pebbled leather and logo-engraved hardware bring a refined element to this lightly structured bag made with a top handle and removable crossbody strap.\r\n\r\nTop zip closure\r\nTop carry handle; removable, adjustable crossbody strap\r\nInterior card slot\r\nTwill lining\r\nLeather\r\nImported\r\nItem #10363461", "price": 17731, "images": "photos/products/shoulder_bag_2.webp", "stock": 168, "is_available": true, "category": 2, "created_date": "2024-08-01T05:31:56.209Z", "modified_date": "2024-08-01T05:31:56.209Z"}}, {"model": "store.product", "pk": 5, "fields": {"product_name": "Novel Duffel Bag", "slug": "novel-duffel-bag", "description": "Details & care\r\nRoomy and durable, this duffel bag made with recycled plastic bottles features waterproof zippers at the top and exterior access to secure shoe storage. An interior mesh pocket keeps small essentials easy to find, while a mix of straps and handles give you multiple carrying options as you move about.\r\n\r\nTop carry handles; removable, adjustable shoulder strap\r\nTwo-way waterproof top-zip closure\r\nExterior shoe compartment with zip closure\r\nInterior zip-mesh pocket\r\nLined", "price": 6569, "images": "photos/products/duffel_1.webp", "stock": 34, "is_available": true, "category": 5, "created_date": "2024-08-01T05:56:26.154Z", "modified_date": "2024-08-01T05:56:26.154Z"}}, {"model": "store.product", "pk": 6, "fields": {"product_name": "Large Landon Carryall Duffle Bag", "slug": "large-landon-carryall-duffle-bag", "description": "Durable, high-tech and water-resistant, this spacious carryall made of lightweight neoprene is a perfect choice for long-weekend getaways. A sleek exterior with snap-down gussets to expand the capacity gives way to a spacious interior boasting a laptop sleeve, shoe bag and dust bag.\r\n\r\nTwo-way top-zip closure\r\nTop carry handles; removable, adjustable shoulder strap\r\nExterior slip pockets\r\nInterior zip pocket, two shoe/water bottle pockets; padded 16\" laptop sleeve; removable Air Mesh top-zip", "price": 12959, "images": "photos/products/duffel_2.webp", "stock": 28, "is_available": true, "category": 5, "created_date": "2024-08-01T05:57:28.759Z", "modified_date": "2024-08-01T05:57:28.760Z"}}, {"model": "store.product", "pk": 7, "fields": {"product_name": "Steppe Leather Messenger Bag", "slug": "steppe-leather-messenger-bag", "description": "Details & care\r\nA buttery leather messenger bag features a roomy main compartment and exterior pockets to keep your must-haves close at hand.\r\n\r\nTop zip closure\r\nAdjustable buckle strap\r\nDual exterior zip compartments\r\nInterior card slot\r\nLeather\r\nImported\r\nItem #10244663", "price": 16109, "images": "photos/products/messenger_1.webp", "stock": 45, "is_available": true, "category": 3, "created_date": "2024-08-01T06:02:06.321Z", "modified_date": "2024-08-01T06:02:06.321Z"}}, {"model": "store.product", "pk": 8, "fields": {"product_name": "Small Nylon Messenger Bag", "slug": "small-nylon-messenger-bag", "description": "Details & care\r\nThis messenger-style crossbody bag made from durable nylon is spacious and organized enough for your daily essentials.\r\n\r\nRecycled nylon with leather trim\r\nImported\r\nItem #6257264", "price": 22319, "images": "photos/products/messenger_2.webp", "stock": 56, "is_available": true, "category": 3, "created_date": "2024-08-01T06:02:49.225Z", "modified_date": "2024-08-01T06:02:49.225Z"}}, {"model": "store.product", "pk": 9, "fields": {"product_name": "Pop Quiz Backpack", "slug": "pop-quiz-backpack", "description": "Details & care\r\nRoomy and versatile, this backpack made with recycled plastic bottles features pockets inside and out for keeping essentials organized and easy to find. A padded interior sleeve protects your laptop for safer transport whether you're crossing campus or traveling across the country.\r\n\r\nTop carry handle; adjustable backpack straps\r\nTwo-way top-zip closure\r\nExterior zip and water-bottle pockets\r\nInterior wall pockets; padded compartment fits most 15\" laptops\r\nLined", "price": 5668, "images": "photos/products/backpack_1.webp", "stock": 72, "is_available": true, "category": 4, "created_date": "2024-08-01T06:05:19.593Z", "modified_date": "2024-08-01T06:05:19.593Z"}}, {"model": "store.product", "pk": 10, "fields": {"product_name": "Jester Luxe Backpack", "slug": "jester-luxe-backpack", "description": "A FlexVent™ suspension system designed for the shape of a body brings superior comfort to a backpack constructed to hold an entire day's essentials. The roomy interior sports a padded laptop sleeve and plenty of pockets to keep everything you need organized and at-hand. Exterior pockets and toggled bungee cords stow water bottles and larger must-haves to take you across campus or out for a weekend hike.\r\n\r\nDurable water-repellent (DWR) finish\r\nPadded compartment fits most 16\" laptops", "price": 7199, "images": "photos/products/backpack_2.webp", "stock": 1, "is_available": true, "category": 4, "created_date": "2024-08-01T06:06:15.925Z", "modified_date": "2024-08-15T17:33:37.328Z"}}, {"model": "store.variation", "pk": 1, "fields": {"product": 1, "variation_category": "color", "variation_value": "Red", "is_active": true, "created_date": "2024-08-03T17:57:33.837Z"}}, {"model": "store.variation", "pk": 2, "fields": {"product": 1, "variation_category": "color", "variation_value": "Green", "is_active": true, "created_date": "2024-08-03T17:57:44.563Z"}}, {"model": "store.variation", "pk": 3, "fields": {"product": 1, "variation_category": "color", "variation_value": "White", "is_active": true, "created_date": "2024-08-03T18:55:19.844Z"}}, {"model": "store.variation", "pk": 4, "fields": {"product": 2, "variation_category": "size", "variation_value": "large", "is_active": true, "created_date": "2024-08-03T19:35:00.229Z"}}, {"model": "store.variation", "pk": 5, "fields": {"product": 4, "variation_category": "size", "variation_value": "Large", "is_active": true, "created_date": "2024-08-03T19:35:32.658Z"}}, {"model": "store.variation", "pk": 6, "fields": {"product": 6, "variation_category": "size", "variation_value": "Medium", "is_active": true, "created_date": "2024-08-03T19:39:41.033Z"}}, {"model": "store.variation", "pk": 7, "fields": {"product": 8, "variation_category": "size", "variation_value": "Small", "is_active": true, "created_date": "2024-08-03T19:39:52.067Z"}}, {"model": "store.variation", "pk": 8, "fields": {"product": 1, "variation_category": "size", "variation_value": "Medium", "is_active": true, "created_date": "2024-08-03T19:51:20.396Z"}}, {"model": "store.productgallery", "pk": 1, "fields": {"product": 10, "image": "store/products/pexels-catscoming-1204463.jpg"}}, {"model": "carts.cart", "pk": 1, "fields": {"cart_id": "8041iwrgfoz3qxcvq8lmpfzh5nubwwbq", "date_added": "2024-08-02"}}, {"model": "carts.cart", "pk": 2, "fields": {"cart_id": "3l63ejnm05s54cc4laxn9jtzbdjlxdvk", "date_added": "2024-08-06"}}, {"model": "carts.cart", "pk": 3, "fields": {"cart_id": "rjmx03gpmy5u6cy353xyaezmoxujgw15", "date_added": "2024-08-06"}}, {"model": "carts.cart", "pk": 4, "fields": {"cart_id": "s3vatfbptcaqul3j35mv2bu1pz3oaauw", "date_added": "2024-08-06"}}, {"model": "carts.cart", "pk": 5, "fields": {"cart_id": "ol4c8f0omgkxob31sww7bjqz43g2nqv8", "date_added": "2024-08-06"}}, {"model": "carts.cart", "pk": 6, "fields": {"cart_id": "hdvli1354r6b8ic0x59pjya968dgk3if", "date_added": "2024-08-06"}}, {"model": "carts.cart", "pk": 7, "fields": {"cart_id": "i8n8mw2rnk41335o0p6ml9lznuffmmi8", "date_added": "2024-08-06"}}, {"model": "carts.cart", "pk": 8, "fields": {"cart_id": "e9xnd66jpnbijm0hg32se98y3jc2j88s", "date_added": "2024-08-06"}}, {"model": "carts.cart", "pk": 9, "fields": {"cart_id": "2ees24vv3v5st46mdpq72tjvf3flktu3", "date_added": "2024-08-06"}}, {"model": "carts.cart", "pk": 10, "fields": {"cart_id": "xp3qk4cs4ohib9viu4d2qmr0jzhrogco", "date_added": "2024-08-06"}}, {"model": "carts.cart", "pk": 11, "fields": {"cart_id": "qyacayxffsg76z3upvxxvxkh0czzzmkb", "date_added": "2024-08-06"}}, {"model": "carts.cart", "pk": 12, "fields": {"cart_id": "vktqjkw34uv4450cnbwo7d8rzzh93eu2", "date_added": "2024-08-06"}}, {"model": "carts.cart", "pk": 13, "fields": {"cart_id": "cq999ftny4kfmxsopxn6gzcxtnfrxcrg", "date_added": "2024-08-06"}}, {"model": "carts.cart", "pk": 14, "fields": {"cart_id": "d0p09yetd0gy2rmfuckifd8hldvajtpg", "date_added": "2024-08-06"}}, {"model": "carts.cart", "pk": 15, "fields": {"cart_id": "y3qrc457rtrc4icg7pognhiciio1ic6v", "date_added": "2024-08-06"}}, {"model": "carts.cart", "pk": 16, "fields": {"cart_id": "nefxe9apdmpr1n1s4a2w4h939dw4ycfr", "date_added": "2024-08-06"}}, {"model": "carts.cart", "pk": 17, "fields": {"cart_id": "dpfqlzfzzd4k3lniih61ixuy080ocrtu", "date_added": "2024-08-06"}}, {"model": "carts.cart", "pk": 18, "fields": {"cart_id": "i95dra7v6m35w8f06angv97xbwn8ezih", "date_added": "2024-08-06"}}, {"model": "carts.cart", "pk": 19, "fields": {"cart_id": "j7n0usdmfxkzw2vl334c61o8c69v6g0a", "date_added": "2024-08-06"}}, {"model": "carts.cart", "pk": 20, "fields": {"cart_id": "gvs5mjdrx5cqplvwpfpkql45wk0owm7x", "date_added": "2024-08-06"}}, {"model": "carts.cart", "pk": 21, "fields": {"cart_id": "70gc1n4l6i6c7pka40595o6ywmg235bl", "date_added": "2024-08-06"}}, {"model": "carts.cart", "pk": 22, "fields": {"cart_id": "u94s28nkjg06qrq7k0ktqozdotiaitbc", "date_added": "2024-08-06"}}, {"model": "carts.cart", "pk": 23, "fields": {"cart_id": "hiupxay6kr4kub5u2circsa7t700c1sc", "date_added": "2024-08-06"}}, {"model": "carts.cart", "pk": 24, "fields": {"cart_id": "vpr0uwts5v9c5m55xk7o7q1jgoztr1w8", "date_added": "2024-08-07"}}, {"model": "carts.cart", "pk": 25, "fields": {"cart_id": "4zgwjz8qrzctle6b60q4o2hy1chov39t", "date_added": "2024-08-07"}}, {"model": "carts.cart", "pk": 26, "fields": {"cart_id": "p4zzekblf6sbkffutrjb9861806torl2", "date_added": "2024-08-12"}}, {"model": "carts.cart", "pk": 27, "fields": {"cart_id": "tjvkqiny7fbf143guytv05bmh7gb5vg8", "date_added": "2024-08-12"}}, {"model": "carts.cart", "pk": 28, "fields": {"cart_id": "viyuljevnod6t88qwarlf8k6n1vctumm", "date_added": "2024-08-12"}}, {"model": "carts.cart", "pk": 29, "fields": {"cart_id": "6hglwo1n572fb5oq5dfmgxp3dfm95p91", "date_added": "2024-08-12"}}, {"model": "carts.cart", "pk": 30, "fields": {"cart_id": "gpkos06fxo5vgdvo3ukh0qb98mxv3pmu", "date_added": "2024-08-12"}}, {"model": "carts.cart", "pk": 31, "fields": {"cart_id": "0s6mfuf5wp6mc4tbpt6fbbzwvkr3maio", "date_added": "2024-08-12"}}, {"model": "carts.cart", "pk": 32, "fields": {"cart_id": "9pkl1uwqpaa1onwxrn4otli982js42o3", "date_added": "2024-08-12"}}, {"model": "carts.cart", "pk": 33, "fields": {"cart_id": "asm2y99kcjqxrsib8bg60quy7nh9o20r", "date_added": "2024-08-12"}}, {"model": "carts.cart", "pk": 34, "fields": {"cart_id": "nh1l5cjq2bo98ws2ov6n53pqybw44l3e", "date_added": "2024-08-12"}}, {"model": "carts.cart", "pk": 35, "fields": {"cart_id": "bbf27chbheqttqbdj0jydeezt8v9w93p", "date_added": "2024-08-12"}}, {"model": "carts.cart", "pk": 36, "fields": {"cart_id": "7lcytmh96oeb8z5ugynda2idtioosws9", "date_added": "2024-08-12"}}, {"model": "carts.cart", "pk": 37, "fields": {"cart_id": "qlh3oc0qxezno4x5pu9km1b1odvjexpd", "date_added": "2024-08-12"}}, {"model": "carts.cart", "pk": 38, "fields": {"cart_id": "02j3m0a2v6gx1lyipjbl89u3dhh4lite", "date_added": "2024-08-12"}}, {"model": "carts.cart", "pk": 39, "fields": {"cart_id": "4b5uj49d6zrfgv255hluxl7n8c5t4tsf", "date_added": "2024-08-12"}}, {"model": "carts.cart", "pk": 40, "fields": {"cart_id": "de3qp5k5yvrdm9gpr4fobuxzzyyzavyk", "date_added": "2024-08-12"}}, {"model": "carts.cart", "pk": 41, "fields": {"cart_id": "w37m4qpyiz5otq522tjy94n4w3rv1njx", "date_added": "2024-08-12"}}, {"model": "carts.cart", "pk": 42, "fields": {"cart_id": "ue4fwxcg0jujq87lbhitp3kzm6kzzt3k", "date_added": "2024-08-12"}}, {"model": "carts.cart", "pk": 43, "fields": {"cart_id": "4cwddq0j8cdi2tmpa88p5iuz71hrwc0a", "date_added": "2024-08-13"}}, {"model": "carts.cart", "pk": 44, "fields": {"cart_id": "rywncqq6nkmt8ct8zcgvivyxb581nuz8", "date_added": "2024-08-13"}}, {"model": "carts.cart", "pk": 45, "fields": {"cart_id": "w2q1mdvj4uc3fsbm0u2qrdcgfolwbq4u", "date_added": "2024-08-14"}}, {"model": "carts.cart", "pk": 46, "fields": {"cart_id": "gv77tyh9dz7744s17ozh9abwlfg3v1we", "date_added": "2024-08-14"}}, {"model": "carts.cart", "pk": 47, "fields": {"cart_id": "90kg53uyddto2ddl819gsrs2c7rj87gl", "date_added": "2024-08-14"}}, {"model": "carts.cart", "pk": 48, "fields": {"cart_id": "l7or0feorw3maq1klh56pdcprc3092cp", "date_added": "2024-08-14"}}, {"model": "carts.cart", "pk": 49, "fields": {"cart_id": "rmjdkujs27kl2uonrjucrzgkc8j8ox9w", "date_added": "2024-08-14"}}, {"model": "carts.cart", "pk": 50, "fields": {"cart_id": "yujv164ma6nzwx2sqbx9tk9qwh6fcb2z", "date_added": "2024-08-14"}}, {"model": "carts.cart", "pk": 51, "fields": {"cart_id": "ft6xnw79uruze5b0u7yz2da26kjjt0jp", "date_added": "2024-08-14"}}, {"model": "carts.cart", "pk": 52, "fields": {"cart_id": "gfyb91our0c62tr7yk39p6o2g9sq7gbh", "date_added": "2024-08-14"}}, {"model": "carts.cart", "pk": 53, "fields": {"cart_id": "aymfi9yci9a71w8x2f065y6jx19yl2id", "date_added": "2024-08-14"}}, {"model": "carts.cart", "pk": 54, "fields": {"cart_id": "4rdjzpb73fi06qwqy2hou57is67afiw5", "date_added": "2024-08-14"}}, {"model": "carts.cart", "pk": 55, "fields": {"cart_id": "07yixu5xkxjg1p5ipcpwudfgsw725yad", "date_added": "2024-08-14"}}, {"model": "carts.cart", "pk": 56, "fields": {"cart_id": "asdhwnfjbur6x2v33hv5lxto8oe8kkit", "date_added": "2024-08-14"}}, {"model": "carts.cart", "pk": 57, "fields": {"cart_id": "nqd1kkc0fldv1l2ze3orguc27b1oh59f", "date_added": "2024-08-14"}}, {"model": "carts.cart", "pk": 58, "fields": {"cart_id": "lv4159rd6gr4s3avinyuo57voq0oxl6q", "date_added": "2024-08-14"}}, {"model": "carts.cart", "pk": 59, "fields": {"cart_id": "iljn6gtowda4pk8wsrciiafl6st2wkhi", "date_added": "2024-08-14"}}, {"model": "carts.cart", "pk": 60, "fields": {"cart_id": "xdn8sedpukk1cnfvn9z4y9od5gsp9dqz", "date_added": "2024-08-14"}}, {"model": "carts.cart", "pk": 61, "fields": {"cart_id": "dli2n15r9p9hubbxrilwd36skkzb9529", "date_added": "2024-08-14"}}, {"model": "carts.cart", "pk": 62, "fields": {"cart_id": "8emlnnyzxhnbv7ety0ziz1v3ti64jgxq", "date_added": "2024-08-14"}}, {"model": "carts.cart", "pk": 63, "fields": {"cart_id": "l0v69ame2273pnvx0hmjks0o08b2h889", "date_added": "2024-08-14"}}, {"model": "carts.cart", "pk": 64, "fields": {"cart_id": "ja1n3obetvytrwo0ppiy4mfdudvar2cj", "date_added": "2024-08-14"}}, {"model": "carts.cart", "pk": 65, "fields": {"cart_id": "di29xs92mg8l98alkg9ozpl5rodgxd79", "date_added": "2024-08-14"}}, {"model": "carts.cart", "pk": 66, "fields": {"cart_id": "gnenf9ioc0c9nmi1z2ni103torr9nf9q", "date_added": "2024-08-14"}}, {"model": "carts.cart", "pk": 67, "fields": {"cart_id": "yirg1ol0s6o2az1fphnisrvw79rtjzex", "date_added": "2024-08-14"}}, {"model": "carts.cart", "pk": 68, "fields": {"cart_id": "8rzh9m5knwi2rpkpjen7af8lgkvwt1kb", "date_added": "2024-08-14"}}, {"model": "carts.cart", "pk": 69, "fields": {"cart_id": "ir34qgc993zukp0weaoe99gewesxded3", "date_added": "2024-08-14"}}, {"model": "carts.cart", "pk": 70, "fields": {"cart_id": "g5n2bnvz64n19ppv7tn6m8d5zyap6slf", "date_added": "2024-08-14"}}, {"model": "carts.cart", "pk": 71, "fields": {"cart_id": "pyc6bxxrfmjufz104gwsdvwj0j52p0pm", "date_added": "2024-08-14"}}, {"model": "carts.cart", "pk": 72, "fields": {"cart_id": "99t5ohwsiwbnor1h5cofmeu767bwc0yl", "date_added": "2024-08-14"}}, {"model": "carts.cart", "pk": 73, "fields": {"cart_id": "iywxx38cixgr9k80r86pf1sstotz4qiv", "date_added": "2024-08-15"}}, {"model": "carts.cart", "pk": 74, "fields": {"cart_id": "uss6de6svbpt7llr1bi4ygpm2vgdkz3s", "date_added": "2024-08-15"}}, {"model": "carts.cart", "pk": 75, "fields": {"cart_id": "2aqw73f0mm535yrskziie1lkiobdfgbr", "date_added": "2024-08-15"}}, {"model": "carts.cart", "pk": 76, "fields": {"cart_id": "8iicvorfgppbe190oxdh4ihxmzo8s4jh", "date_added": "2024-08-15"}}, {"model": "carts.cart", "pk": 77, "fields": {"cart_id": "pxvhdwl9t8tnh4npmdpmr2spgcz8j9xh", "date_added": "2024-08-15"}}, {"model": "carts.cartitem", "pk": 37, "fields": {"user": null, "product": 1, "cart": 18, "quantity": 1, "is_active": true, "variations": [3, 8]}}, {"model": "carts.cartitem", "pk": 44, "fields": {"user": null, "product": 1, "cart": 23, "quantity": 1, "is_active": true, "variations": [2, 8]}}, {"model": "carts.cartitem", "pk": 47, "fields": {"user": null, "product": 1, "cart": 25, "quantity": 1, "is_active": true, "variations": [1]}}, {"model": "orders.order", "pk": 1, "fields": {"user": null, "payment": null, "order_number": "202408061", "first_name": "akagamino", "last_name": "shanks", "phone": "9632563256", "email": "emmanuel011here@gmail.com", "address_line_1": "east blue", "address_line_2": "shanks place", "country": "sea", "state": "sea", "city": "sea", "order_note": "hai", "order_total": 71599.92, "tax": 1403.92, "status": "New", "ip": "127.0.0.1", "is_ordered": false, "created_at": "2024-08-06T13:13:44.946Z", "updated_at": "2024-08-06T13:13:44.947Z"}}]